City_ID,City,Country,Lat,Lng,Max Temp,Humidity,Cloudiness,Wind Speed,Current Description
0,Barrow,US,71.2906,-156.7887,41.92,68,77,9.22,broken clouds
1,Marrakesh,MA,31.6315,-8.0083,86.07,48,40,8.05,scattered clouds
2,Nikolskoye,RU,59.7035,30.7861,66.87,71,59,4.7,broken clouds
3,Port Lincoln,AU,-34.7333,135.8667,51.26,76,3,5.48,clear sky
4,Kodiak,US,57.79,-152.4072,60.31,67,100,10.36,overcast clouds
5,Clyde River,CA,70.4692,-68.5914,45.12,70,69,6.38,broken clouds
6,Erdenet,MN,49.0333,104.0833,58.77,71,100,3.36,overcast clouds
7,Avarua,CK,-21.2078,-159.775,75.25,64,75,16.11,broken clouds
8,Rikitea,PF,-23.1203,-134.9692,72.3,80,92,11.41,light rain
9,Saskylakh,RU,71.9167,114.0833,48.31,57,99,10.76,overcast clouds
10,La Sarre,CA,48.8002,-79.1996,57.38,83,85,8.39,overcast clouds
11,Torbay,CA,47.6666,-52.7314,67.87,72,19,15.84,few clouds
12,Caravelas,BR,-17.7125,-39.2481,71.2,88,3,4.72,clear sky
13,Chuy,UY,-33.6971,-53.4616,45.14,86,3,8.68,moderate rain
14,Trinidad,BO,-14.8333,-64.9,76.98,69,49,0.0,scattered clouds
15,Upernavik,GL,72.7868,-56.1549,41.4,87,21,12.62,few clouds
16,Bluff,NZ,-46.6,168.3333,45.81,77,97,10.22,overcast clouds
17,Ushuaia,AR,-54.8,-68.3,25.29,93,18,4.74,few clouds
18,Atuona,PF,-9.8,-139.0333,77.68,77,22,19.8,light rain
19,Samarai,PG,-10.6167,150.6667,77.76,83,100,19.69,overcast clouds
20,Pawai,IN,24.2667,80.1667,85.21,61,14,6.31,few clouds
21,Airai,TL,-8.9266,125.4092,55.29,82,49,3.89,scattered clouds
22,Saint-Francois,FR,46.4154,3.9054,67.44,77,0,3.44,clear sky
23,Ponta Do Sol,PT,32.6667,-17.1,70.43,77,12,3.87,few clouds
24,Punta Arenas,CL,-53.15,-70.9167,37.11,84,100,10.4,overcast clouds
25,Dunedin,NZ,-45.8742,170.5036,49.8,82,100,11.99,overcast clouds
26,Saint-Philippe,RE,-21.3585,55.7679,64.22,80,27,10.27,light rain
27,Bengkulu,ID,-3.8004,102.2655,75.79,90,97,3.04,overcast clouds
28,Puerto Ayora,EC,-0.7393,-90.3518,70.56,93,44,5.99,scattered clouds
29,Arraial Do Cabo,BR,-22.9661,-42.0278,71.56,88,40,4.61,scattered clouds
30,Yellowknife,CA,62.456,-114.3525,69.19,42,60,12.77,broken clouds
31,Rio Grande,BR,-32.035,-52.0986,48.94,79,0,16.78,clear sky
32,Truth Or Consequences,US,33.1284,-107.2528,95.23,22,100,12.66,overcast clouds
33,Hasaki,JP,35.7333,140.8333,75.6,87,96,13.44,overcast clouds
34,Asau,RO,46.4333,26.4,61.72,60,19,7.27,few clouds
35,Russell,US,32.3502,-85.1999,83.48,64,100,5.97,overcast clouds
36,Tuktoyaktuk,CA,69.4541,-133.0374,41.0,93,100,16.11,light rain
37,Hithadhoo,MV,-0.6,73.0833,83.03,73,92,13.58,overcast clouds
38,Namibe,AO,-15.1961,12.1522,62.74,90,10,2.82,clear sky
39,Hobyo,SO,5.3505,48.5268,78.19,79,59,26.93,broken clouds
40,Georgetown,MY,5.4112,100.3354,80.53,89,20,3.44,few clouds
41,Tabou,CI,4.423,-7.3528,75.78,81,99,9.98,overcast clouds
42,Busselton,AU,-33.65,115.3333,59.74,90,47,16.08,light rain
43,Cape Town,ZA,-33.9258,18.4232,57.88,93,100,16.11,drizzle
44,Verkh-Usugli,RU,52.7,115.1667,62.76,67,0,2.66,clear sky
45,Albany,US,42.6001,-73.9662,81.01,78,79,3.58,broken clouds
46,Kavaratti,IN,10.5669,72.642,81.36,80,100,22.26,overcast clouds
47,Cherskiy,RU,68.75,161.3,52.27,48,74,18.75,broken clouds
48,Bocana De Paiwas,NI,12.7857,-85.1227,75.45,94,100,8.63,moderate rain
49,Butaritari,KI,3.0707,172.7902,82.58,78,59,15.93,broken clouds
50,Hermanus,ZA,-34.4187,19.2345,61.81,83,100,17.81,overcast clouds
51,Vanavara,RU,60.34,102.2797,54.0,66,100,6.44,overcast clouds
52,Saint-Pierre,RE,-21.3393,55.4781,67.91,78,75,3.44,broken clouds
53,Havoysund,NO,70.9963,24.6622,55.63,97,100,8.39,overcast clouds
54,Okhotsk,RU,59.3833,143.3,64.4,86,99,3.85,overcast clouds
55,Johi,PK,26.6921,67.6133,92.26,61,12,7.23,light rain
56,Staroutkinsk,RU,57.2302,59.3348,62.33,96,18,1.68,light rain
57,Twin Falls,US,42.3505,-114.6445,95.34,15,0,6.91,clear sky
58,Bethel,US,41.3712,-73.414,85.86,57,53,3.58,broken clouds
59,Leh,IN,34.1667,77.5833,58.46,61,36,5.64,scattered clouds
60,Pedasi,PA,7.5333,-80.0333,79.07,82,69,9.73,broken clouds
61,Saiha,IN,22.4833,92.9667,68.68,97,11,3.02,moderate rain
62,Hay River,CA,60.8156,-115.7999,60.19,67,76,15.12,light rain
63,Yar-Sale,RU,66.8333,70.8333,51.57,78,99,9.08,overcast clouds
64,Katsuura,JP,35.1333,140.3,75.51,91,100,10.76,overcast clouds
65,Hobart,AU,-42.8794,147.3294,43.05,90,75,8.05,broken clouds
66,Alyangula,AU,-13.8483,136.4192,67.87,64,45,5.75,scattered clouds
67,Mahebourg,MU,-20.4081,57.7,66.49,88,75,5.75,broken clouds
68,Constitucion,CL,-35.3333,-72.4167,47.86,93,100,11.72,overcast clouds
69,Uinskoye,RU,56.8817,56.5813,65.57,94,9,3.33,clear sky
70,Cartagena Del Chaira,CO,1.3349,-74.8429,74.44,95,68,1.99,broken clouds
71,Puerto Carreno,CO,6.189,-67.4859,79.34,82,89,2.77,overcast clouds
72,Mataura,NZ,-46.1927,168.8643,45.48,96,100,4.14,overcast clouds
73,Lebu,CL,-37.6167,-73.65,44.28,77,91,1.48,overcast clouds
74,Bambous Virieux,MU,-20.3428,57.7575,66.45,88,75,5.75,light rain
75,Haines Junction,CA,60.7522,-137.5108,60.96,57,96,7.58,overcast clouds
76,Ucluelet,CA,48.9329,-125.5528,64.09,80,38,5.99,scattered clouds
77,Kainantu,PG,-6.2887,145.8655,66.88,78,89,1.77,overcast clouds
78,Okakarara,NA,-20.5833,17.4333,51.91,41,0,4.9,clear sky
79,Port Moresby,PG,-9.4431,147.1797,75.16,87,99,16.28,overcast clouds
80,Salalah,OM,17.0151,54.0924,78.03,84,100,7.31,overcast clouds
81,Sola,VU,-13.8833,167.55,81.05,64,12,12.06,few clouds
82,Imbituba,BR,-28.24,-48.6703,59.09,83,19,3.0,few clouds
83,Hami,CN,42.8,93.45,75.7,34,81,18.37,broken clouds
84,Waiouru,NZ,-39.4833,175.6667,48.09,70,100,5.7,overcast clouds
85,Dikson,RU,73.5069,80.5464,44.24,73,100,7.0,overcast clouds
86,Aklavik,CA,68.2191,-135.0107,45.86,69,97,22.06,overcast clouds
87,Tiksi,RU,71.6872,128.8694,37.62,94,99,5.91,overcast clouds
88,Hudson Bay,CA,52.85,-102.3842,81.75,50,20,11.95,few clouds
89,Beringovskiy,RU,63.05,179.3167,50.38,85,83,8.01,broken clouds
90,Vaini,TO,-21.2,-175.2,77.04,86,1,19.55,clear sky
91,Puerto Baquerizo Moreno,EC,-0.9,-89.6,70.97,78,56,11.48,broken clouds
92,Tasiilaq,GL,65.6145,-37.6368,39.36,79,17,4.59,few clouds
93,The Pas,CA,53.8251,-101.2541,81.91,45,0,12.86,clear sky
94,Chegdomyn,RU,51.1167,133.0167,69.67,71,45,2.17,scattered clouds
95,Goderich,CA,43.7501,-81.7165,68.92,70,55,8.23,broken clouds
96,West Odessa,US,31.8424,-102.4988,95.86,32,75,19.57,haze
97,San Quintin,MX,30.4833,-115.95,70.63,70,77,16.4,broken clouds
98,Requena,ES,39.4883,-1.1004,71.8,33,75,3.18,broken clouds
99,Batesville,US,35.7698,-91.641,95.07,40,0,1.99,haze
100,Guerrero Negro,MX,27.9769,-114.0611,73.38,62,21,18.25,few clouds
101,Pevek,RU,69.7008,170.3133,36.82,86,99,8.7,overcast clouds
102,Yeppoon,AU,-23.1333,150.7333,53.38,61,0,14.54,clear sky
103,Iskateley,RU,67.6803,53.1512,61.25,94,81,8.88,broken clouds
104,Kavieng,PG,-2.5744,150.7967,82.26,75,100,5.75,overcast clouds
105,Lorengau,PG,-2.0226,147.2712,83.39,76,100,6.82,overcast clouds
106,Uruzgan,AF,32.8333,66.0,75.49,15,0,6.13,clear sky
107,Mackay,AU,-21.15,149.2,58.68,60,0,12.93,clear sky
108,Totness,SR,5.8833,-56.3167,77.49,90,100,9.73,overcast clouds
109,Cidreira,BR,-30.1811,-50.2056,57.27,77,0,20.0,clear sky
110,Glazov,RU,58.1394,52.6584,67.33,93,92,2.3,light rain
111,Hofn,IS,64.2539,-15.2082,50.72,83,46,8.28,scattered clouds
112,Tilichiki,RU,60.4667,166.1,69.98,64,17,4.59,few clouds
113,Poum,NC,-20.2333,164.0167,74.25,63,98,14.72,overcast clouds
114,Esperance,AU,-33.8667,121.9,59.97,42,65,23.64,broken clouds
115,Arak,IR,34.0917,49.6892,72.57,16,0,3.98,clear sky
116,Selma,US,36.5708,-119.6121,102.63,22,0,5.75,clear sky
117,Kieta,PG,-6.2167,155.6333,79.07,80,96,2.15,overcast clouds
118,Kutum,SD,14.2,24.6667,73.35,72,43,9.46,scattered clouds
119,Rio Gallegos,AR,-51.6226,-69.2181,37.33,91,100,15.99,light rain
120,Ahipara,NZ,-35.1667,173.1667,55.42,96,100,5.41,light rain
121,Chokurdakh,RU,70.6333,147.9167,49.26,56,48,10.87,scattered clouds
122,Mogzon,RU,51.7435,111.9606,62.71,58,20,2.44,few clouds
123,Meulaboh,ID,4.1363,96.1285,76.21,90,81,6.73,broken clouds
124,Kapaa,US,22.0752,-159.319,84.18,76,7,7.0,clear sky
125,East London,ZA,-33.0153,27.9116,58.71,75,0,7.38,clear sky
126,Nanchang,CN,28.6833,115.8833,84.42,71,100,5.03,overcast clouds
127,Port Alfred,ZA,-33.5906,26.891,56.41,80,0,11.77,clear sky
128,Belaya Gora,RU,68.5333,146.4167,55.9,66,60,8.21,broken clouds
129,Chabahar,IR,25.2919,60.643,86.74,80,100,5.79,overcast clouds
130,Tiznit,MA,29.5833,-9.5,71.91,62,43,1.77,scattered clouds
131,Paramonga,PE,-10.6667,-77.8333,61.88,82,30,11.83,scattered clouds
132,Port Hardy,CA,50.6996,-127.4199,60.96,76,67,8.75,broken clouds
133,Bilibino,RU,68.0546,166.4372,62.76,44,99,4.38,overcast clouds
134,Isangel,VU,-19.55,169.2667,79.83,82,8,16.26,light rain
135,Luderitz,NA,-26.6481,15.1594,55.81,61,0,16.71,clear sky
136,Buraydah,SA,26.326,43.975,87.55,13,100,8.28,overcast clouds
137,Iqaluit,CA,63.7506,-68.5145,41.7,81,88,8.99,overcast clouds
138,Esso,RU,55.9333,158.7,79.32,31,35,8.41,scattered clouds
139,Lazaro Cardenas,MX,17.9583,-102.2,82.85,75,100,7.16,overcast clouds
140,New Norfolk,AU,-42.7826,147.0587,42.71,86,80,2.86,broken clouds
141,Manono,CD,-7.3,27.4167,78.39,39,86,2.15,overcast clouds
142,Poya,NC,-21.35,165.15,70.86,76,91,10.6,overcast clouds
143,Petauke,ZM,-14.2426,31.3253,62.49,57,86,8.79,overcast clouds
144,Innisfail,AU,-17.5333,146.0333,59.43,54,2,6.58,clear sky
145,Comodoro Rivadavia,AR,-45.8667,-67.5,31.86,80,0,5.75,clear sky
146,Touros,BR,-5.1989,-35.4608,75.78,86,41,13.13,scattered clouds
147,Valparaiso,CL,-33.0393,-71.6273,55.04,85,100,13.8,light rain
148,Tecoanapa,MX,16.5167,-98.75,84.49,69,100,7.23,overcast clouds
149,Markdorf,DE,47.7167,9.4,71.11,69,75,2.3,broken clouds
150,Villa Carlos Paz,AR,-31.4241,-64.4978,56.82,35,0,11.01,clear sky
151,Pisco,PE,-13.7,-76.2167,61.02,88,13,8.05,few clouds
152,Los Llanos De Aridane,ES,28.6585,-17.9182,65.95,84,20,4.61,few clouds
153,Slave Lake,CA,55.2834,-114.769,62.58,67,100,5.75,overcast clouds
154,Mitsamiouli,KM,-11.3847,43.2844,77.92,72,73,3.71,broken clouds
155,Pangai,TO,-19.8,-174.35,78.22,83,65,21.59,broken clouds
156,Tazovskiy,RU,67.4667,78.7,47.79,71,15,5.68,few clouds
157,Benton Harbor,US,42.1167,-86.4542,75.85,74,20,6.91,few clouds
158,Makakilo City,US,21.3469,-158.0858,88.12,58,0,20.71,clear sky
159,Qaanaaq,GL,77.484,-69.3632,38.73,96,100,6.4,light rain
160,Puerto Del Rosario,ES,28.5004,-13.8627,71.35,78,0,14.97,clear sky
161,Baruun-Urt,MN,46.6806,113.2792,65.53,51,2,5.55,clear sky
162,Bredasdorp,ZA,-34.5322,20.0403,59.31,73,100,18.57,overcast clouds
163,Klaksvik,FO,62.2266,-6.589,47.32,74,84,5.01,broken clouds
164,Deyang,CN,31.1302,104.382,75.6,95,100,4.43,overcast clouds
165,Slantsy,RU,59.1182,28.0914,56.66,81,13,5.73,few clouds
166,Thompson,CA,55.7435,-97.8558,84.43,27,0,10.04,clear sky
167,Morgan Hill,US,37.1305,-121.6544,89.15,38,0,11.5,clear sky
168,Coihaique,CL,-45.5752,-72.0662,31.95,93,75,0.0,broken clouds
169,Ylivieska,FI,64.0833,24.55,63.32,97,100,0.87,overcast clouds
170,Tura,IN,25.5198,90.2201,74.88,97,93,2.95,overcast clouds
171,Nara,JP,34.6851,135.8049,79.5,63,100,1.99,overcast clouds
172,Khatanga,RU,71.9667,102.5,43.74,83,100,8.88,overcast clouds
173,Tuskegee,US,32.424,-85.6916,83.08,100,100,1.01,overcast clouds
174,Palmas,BR,-10.2128,-48.3603,80.47,54,0,4.61,clear sky
175,Churachandpur,IN,24.3333,93.6667,66.24,97,8,2.46,clear sky
176,Ancud,CL,-41.8697,-73.8203,41.23,85,89,8.28,light rain
177,Aranos,NA,-24.1333,19.1167,54.03,33,0,5.35,clear sky
178,Mwanza,TZ,-2.5167,32.9,69.08,44,74,8.75,broken clouds
179,Kashi,CN,39.4547,75.9797,71.42,38,100,6.53,overcast clouds
180,Sinalunga,IT,43.2152,11.7495,70.75,64,3,2.75,clear sky
181,Calamar,CO,10.2511,-74.9146,80.33,83,99,8.08,overcast clouds
182,Yerkoy,TR,39.6381,34.4672,64.0,68,0,4.21,clear sky
183,Kabompo,ZM,-13.5927,24.2008,54.03,59,2,7.0,clear sky
184,Tucurui,BR,-3.7661,-49.6725,78.12,68,62,1.77,broken clouds
185,Galle,LK,6.0367,80.217,78.82,84,19,13.42,few clouds
186,Taoudenni,ML,22.6783,-3.9836,103.12,12,54,1.95,broken clouds
187,Manggar,ID,-2.8833,108.2667,79.77,84,97,4.94,overcast clouds
188,Bowen,AU,-20.0167,148.2333,55.36,55,0,4.34,clear sky
189,College,US,64.8569,-147.8028,67.21,60,75,11.5,smoke
190,Fairbanks,US,64.8378,-147.7164,67.23,58,75,11.5,smoke
191,Arona,ES,28.0996,-16.681,70.92,53,20,1.01,few clouds
192,Komsomolskiy,UZ,40.4272,71.7189,70.52,56,0,4.61,clear sky
193,Tavira,PT,37.1273,-7.6486,82.27,57,35,0.11,scattered clouds
194,Hilo,US,19.7297,-155.09,80.28,94,75,13.8,heavy intensity rain
195,La Peca,PE,-5.6111,-78.435,74.53,72,48,3.89,scattered clouds
196,Brighton,GB,50.8284,-0.1395,67.15,84,100,5.01,overcast clouds
197,Pachino,IT,36.7186,15.0907,75.13,67,5,0.18,clear sky
198,Sao Filipe,CV,14.8961,-24.4956,75.22,78,38,10.94,scattered clouds
199,Cangzhou,CN,38.3167,116.8667,79.34,75,20,5.1,few clouds
200,Boca Do Acre,BR,-8.7522,-67.3978,81.57,65,96,0.43,overcast clouds
201,Te Anau,NZ,-45.4167,167.7167,41.52,93,92,1.1,overcast clouds
202,Zhoucheng,CN,35.9122,116.3117,79.2,86,15,3.18,few clouds
203,San Patricio,US,28.017,-97.5169,95.72,41,15,17.56,few clouds
204,El Carrizo,MX,24.0261,-106.8814,88.83,62,55,5.75,broken clouds
205,Carnarvon,AU,-24.8667,113.6333,66.0,83,25,9.53,scattered clouds
206,Anderson,US,34.5334,-82.6499,80.26,94,0,6.91,clear sky
207,Aswan,EG,24.0934,32.907,87.28,21,27,14.65,scattered clouds
208,Moroni,KM,-11.7022,43.2551,76.33,74,71,10.27,broken clouds
209,Castro,BR,-24.7911,-50.0119,53.17,96,98,9.24,overcast clouds
210,Vila Velha,BR,-20.3297,-40.2925,73.35,85,40,14.0,scattered clouds
211,Santa Vitoria Do Palmar,BR,-33.5189,-53.3681,45.81,84,2,9.26,clear sky
212,Tambopata,PE,-12.7333,-69.1833,76.05,73,62,3.42,broken clouds
213,Lata,PT,40.1629,-8.3327,80.08,34,79,3.58,broken clouds
214,Victoria,HK,22.2855,114.1577,87.19,87,43,1.01,scattered clouds
215,Mar Del Plata,AR,-38.0023,-57.5575,54.09,72,0,15.99,clear sky
216,Kalakamati,BW,-20.5929,27.3121,52.02,52,0,7.9,clear sky
217,Jamestown,US,42.097,-79.2353,72.05,61,40,5.75,scattered clouds
218,Gorodishche,RU,48.8045,44.4744,68.88,94,60,8.95,broken clouds
219,Graaff-Reinet,ZA,-32.2522,24.5308,51.24,31,1,6.78,clear sky
220,Fortuna,US,40.5982,-124.1573,68.86,76,75,3.0,broken clouds
221,Quatre Cocos,MU,-20.2078,57.7625,66.31,73,82,15.86,light rain
222,Hamilton,US,39.1834,-84.5333,86.85,49,40,11.5,scattered clouds
223,Biltine,TD,14.5333,20.9167,81.03,62,100,6.71,overcast clouds
224,Narasannapeta,IN,18.4167,84.05,77.16,82,99,7.65,overcast clouds
225,Namatanai,PG,-3.6667,152.4333,81.88,79,100,6.11,moderate rain
226,Kanker,IN,20.2719,81.4931,74.16,93,100,0.69,overcast clouds
227,Lubbock,US,33.6001,-101.8338,97.38,18,40,6.91,scattered clouds
228,Quelimane,MZ,-17.8786,36.8883,64.11,81,0,3.51,clear sky
229,Port Elizabeth,ZA,-33.918,25.5701,61.32,60,0,15.01,clear sky
230,Kanniyakumari,IN,8.0833,77.5667,79.25,77,99,22.5,overcast clouds
231,Grindavik,IS,63.8424,-22.4338,48.15,93,75,10.36,broken clouds
232,Nanortalik,GL,60.1432,-45.2371,44.91,81,100,1.81,overcast clouds
233,Kambove,CD,-10.8764,26.5969,56.14,59,3,4.68,clear sky
234,Bohuslav,UA,49.5494,30.8744,55.89,95,30,14.0,scattered clouds
235,Thinadhoo,MV,0.5333,72.9333,83.32,74,99,12.08,overcast clouds
236,Kaitangata,NZ,-46.2817,169.8464,44.13,88,100,8.43,overcast clouds
237,Srednekolymsk,RU,67.45,153.6833,63.37,48,100,13.47,overcast clouds
238,Lebedyn,UA,50.5852,34.4849,55.87,94,99,12.41,overcast clouds
239,Longyearbyen,SJ,78.2186,15.6401,51.64,82,75,19.57,broken clouds
240,Yamethin,MM,20.4333,96.15,74.01,95,100,3.85,overcast clouds
241,Narsaq,GL,60.9167,-46.05,53.82,74,100,2.71,overcast clouds
242,Lagoa,PT,39.05,-27.9833,68.36,93,73,13.44,broken clouds
243,Latung,PH,5.5,120.8833,81.07,77,100,7.72,moderate rain
244,Labuhan,ID,-6.8844,112.2051,76.14,89,100,4.38,overcast clouds
245,Bitung,ID,1.4451,125.1824,83.25,86,100,4.38,overcast clouds
246,Lasa,IT,46.6166,10.7002,65.35,81,59,1.88,broken clouds
247,Sitka,US,57.0531,-135.33,57.09,82,75,6.91,broken clouds
248,Port Blair,IN,11.6667,92.75,80.64,89,75,6.91,mist
249,Mayo,US,38.8876,-76.5119,90.18,67,0,10.36,clear sky
250,Port Macquarie,AU,-31.4333,152.9167,52.61,82,62,18.84,broken clouds
251,Camacha,PT,33.0833,-16.3333,63.82,77,20,0.0,few clouds
252,Cabo San Lucas,MX,22.8909,-109.9124,95.61,66,5,11.34,clear sky
253,Brandon,US,27.9378,-82.2859,92.14,61,90,7.52,overcast clouds
254,Lebanon,US,36.2081,-86.2911,89.65,50,0,0.0,clear sky
255,Vwawa,TZ,-9.1167,32.9333,51.04,93,15,3.87,few clouds
256,Saint George,US,37.1041,-113.5841,107.44,19,0,27.63,haze
257,Kuusamo,FI,65.9667,29.1833,64.44,94,100,6.91,overcast clouds
258,Tabuk,PH,17.4189,121.4443,77.61,84,94,2.93,overcast clouds
259,Geraldton,AU,-28.7667,114.6,57.61,94,40,11.5,scattered clouds
260,Lusambo,CD,-4.9667,23.45,71.22,46,3,2.66,clear sky
261,Paramirim,BR,-13.4425,-42.2389,71.85,55,15,6.85,few clouds
262,Soyo,AO,-6.1349,12.3689,69.37,92,5,5.35,clear sky
263,Todos Santos,MX,23.45,-110.2167,99.05,84,5,6.71,clear sky
264,Ola,RU,59.5833,151.2833,75.15,80,35,6.31,scattered clouds
265,Kupang,ID,-10.1667,123.5833,74.05,73,41,14.05,scattered clouds
266,Vardo,NO,70.3705,31.1107,51.78,100,100,3.44,light intensity shower rain
267,Polunochnoye,RU,60.8697,60.4153,66.6,71,58,2.95,broken clouds
268,Kloulklubed,PW,7.0419,134.2556,79.3,72,93,6.82,overcast clouds
269,Berlevag,NO,70.8578,29.0864,57.2,98,98,16.26,light rain
270,Faya,SA,18.3851,42.4509,64.92,55,93,6.38,overcast clouds
271,Mount Gambier,AU,-37.8333,140.7667,49.23,82,64,1.63,broken clouds
272,Danielskuil,ZA,-28.1887,23.5395,51.04,47,0,6.26,clear sky
273,Bama,NG,11.5221,13.6856,82.17,59,85,9.86,overcast clouds
274,Abdulino,RU,53.7,53.6667,68.29,79,33,5.21,scattered clouds
275,Muros,ES,42.7762,-9.0603,77.41,52,98,8.52,overcast clouds
276,Oga,IT,46.4631,10.347,60.8,86,59,1.01,broken clouds
277,Wangou,CN,42.0623,126.9127,61.86,99,96,3.8,overcast clouds
278,Talnakh,RU,69.4865,88.3972,52.21,55,40,2.73,scattered clouds
279,Tomatlan,MX,19.9333,-105.25,83.25,74,94,6.82,overcast clouds
280,Mount Darwin,ZW,-16.7725,31.5838,56.01,66,61,2.98,broken clouds
281,Lejanias,CO,3.5251,-74.0216,70.9,97,92,1.66,overcast clouds
282,Ishigaki,JP,24.3448,124.1572,85.44,81,100,18.28,overcast clouds
283,Petropavlovsk-Kamchatskiy,RU,53.0452,158.6483,63.19,77,75,2.24,volcanic ash
284,Havre-Saint-Pierre,CA,50.2334,-63.5986,64.76,59,75,9.22,broken clouds
285,Jasper,US,37.2001,-94.3502,94.14,27,0,8.05,clear sky
286,Margate,GB,51.3813,1.3862,66.31,88,100,1.99,overcast clouds
287,Naze,JP,28.3667,129.4833,81.0,82,99,10.07,overcast clouds
288,Karratha,AU,-20.7377,116.8463,62.55,51,32,11.45,scattered clouds
289,Natagaima,CO,3.6206,-75.0941,84.81,57,83,1.99,broken clouds
290,Motala,SE,58.5371,15.0365,60.12,66,0,19.33,clear sky
291,Saldanha,ZA,-33.0117,17.9442,53.65,91,100,10.38,overcast clouds
292,Sabang,ID,5.8933,95.3214,82.09,79,100,16.06,overcast clouds
293,Soledade,BR,-28.8183,-52.5103,49.66,91,0,7.52,clear sky
294,Severo-Kurilsk,RU,50.6789,156.125,54.72,94,100,1.23,overcast clouds
295,Port-Gentil,GA,-0.7193,8.7815,75.16,83,100,14.97,overcast clouds
296,Koygorodok,RU,60.445,50.9968,69.91,82,100,7.76,overcast clouds
297,Tabas,IR,33.5959,56.9244,79.83,24,0,5.06,clear sky
298,Trosna,RU,52.4446,35.7791,53.4,94,99,8.19,overcast clouds
299,Henties Bay,NA,-22.116,14.2845,55.53,88,0,7.07,clear sky
300,Aykhal,RU,66.0,111.5,49.73,71,47,6.51,scattered clouds
301,Nacala,MZ,-14.5428,40.6728,69.84,79,14,6.55,few clouds
302,Olafsvik,IS,64.8945,-23.7142,49.01,78,100,10.27,overcast clouds
303,Najran,SA,17.4924,44.1277,83.07,33,100,1.25,overcast clouds
304,Norwich,GB,52.6278,1.2983,60.93,77,100,2.3,overcast clouds
305,Batagay,RU,67.6333,134.6333,58.82,61,86,3.89,overcast clouds
306,Carbonia,IT,39.1672,8.5222,77.02,78,0,1.74,clear sky
307,Blagoyevo,RU,63.3667,47.9167,65.3,89,96,4.27,overcast clouds
308,Maturin,VE,9.75,-63.1767,76.03,80,76,6.96,broken clouds
309,Reedley,US,36.5963,-119.4504,102.22,19,0,5.75,clear sky
310,Vao,NC,-22.6667,167.4833,72.81,74,93,27.87,overcast clouds
311,Zavoronezhskoye,RU,52.8801,40.5526,60.8,75,53,7.61,broken clouds
312,Bilma,NE,18.6853,12.9164,90.3,17,14,2.57,few clouds
313,Mehamn,NO,71.0357,27.8492,57.15,94,75,3.44,broken clouds
314,Sorong,ID,-0.8833,131.25,77.7,89,87,8.16,overcast clouds
315,Ribeira Grande,PT,38.5167,-28.7,72.0,78,40,11.5,scattered clouds
316,Zyryanka,RU,65.75,150.85,68.76,62,90,15.79,overcast clouds
317,Coquimbo,CL,-29.9533,-71.3436,55.13,87,100,9.22,overcast clouds
318,Souillac,MU,-20.5167,57.5167,66.58,88,75,5.75,light rain
319,Sao Joao Da Barra,BR,-21.6403,-41.0511,69.66,94,22,9.55,few clouds
320,Yulara,AU,-25.2406,130.9889,42.51,68,0,9.35,clear sky
321,Smithers,CA,54.7804,-127.1743,61.12,59,75,4.61,light intensity shower rain
322,Husavik,IS,66.0449,-17.3389,48.56,69,54,5.35,broken clouds
323,Sambava,MG,-14.2667,50.1667,67.35,87,19,10.25,few clouds
324,Bata,GQ,1.8639,9.7658,75.22,84,63,8.01,broken clouds
325,Miandrivazo,MG,-19.5167,45.4667,67.41,51,0,0.96,clear sky
326,Nome,US,64.5011,-165.4064,66.16,72,0,12.66,clear sky
327,Rio Cuarto,AR,-33.1307,-64.3499,53.33,43,0,16.73,clear sky
328,Kaa-Khem,RU,51.6833,94.7333,54.03,79,44,3.31,scattered clouds
329,Male,MV,4.1748,73.5089,82.67,74,100,12.62,overcast clouds
330,Qasigiannguit,GL,68.8193,-51.1922,46.65,88,93,4.14,overcast clouds
331,Provideniya,RU,64.3833,-173.3,51.91,82,100,13.42,overcast clouds
332,San Jose,US,37.3394,-121.895,90.12,47,20,13.8,few clouds
333,Codrington,AU,-38.2667,141.9667,46.85,87,42,5.5,scattered clouds
334,Cayenne,GF,4.9333,-52.3333,77.04,94,100,0.0,overcast clouds
335,Saint-Augustin,CA,51.226,-58.6502,55.36,72,86,17.85,overcast clouds
336,Blatna,CZ,49.4249,13.8818,64.26,68,65,4.7,broken clouds
337,Buala,SB,-8.145,159.5921,83.48,63,19,6.31,few clouds
338,Jinchang,CN,38.4953,102.1739,76.87,51,100,4.29,overcast clouds
339,Padang,ID,-0.9492,100.3543,77.05,85,98,3.47,light rain
340,Pacific Grove,US,36.6177,-121.9166,77.38,76,40,10.36,scattered clouds
341,Kaeo,NZ,-35.1,173.7833,57.33,97,100,7.65,light rain
342,Ilulissat,GL,69.2167,-51.1,46.42,81,20,4.61,few clouds
343,Matucana,PE,-11.85,-76.4,60.33,41,17,4.03,few clouds
344,Balyaga,RU,51.1507,108.921,63.39,63,56,2.57,broken clouds
345,Puerto Ayacucho,VE,5.6639,-67.6236,77.07,88,94,2.95,overcast clouds
346,Lompoc,US,34.6391,-120.4579,87.78,71,0,14.97,clear sky
347,Toora-Khem,RU,52.4675,96.11,49.42,87,82,3.38,broken clouds
348,Villanueva,HN,15.3167,-88.0,85.03,74,75,10.36,broken clouds
349,Tateyama,JP,34.9833,139.8667,78.1,88,100,9.4,overcast clouds
350,West Wendover,US,40.7391,-114.0733,87.01,35,40,14.97,scattered clouds
351,Ngunguru,NZ,-35.6167,174.5,57.34,94,100,7.87,light rain
352,Verin,ES,41.9415,-7.4381,81.23,28,96,4.65,overcast clouds
353,Coahuayana,MX,18.7333,-103.6833,86.07,70,92,6.71,overcast clouds
354,Roma,US,43.2128,-75.4557,77.5,61,100,5.75,moderate rain
355,Lima,PE,-12.0432,-77.0282,65.89,73,40,13.8,scattered clouds
356,Kirakira,SB,-10.4544,161.9205,82.78,61,32,3.65,scattered clouds
357,Laguna,US,38.421,-121.4238,96.76,31,0,9.22,clear sky
358,Richards Bay,ZA,-28.783,32.0377,61.32,44,0,4.07,clear sky
359,Negara,ID,-8.3151,114.6025,74.21,89,84,7.43,broken clouds
360,Dali,CN,25.7,100.1833,63.64,88,10,2.62,clear sky
361,Da Lat,VN,11.9465,108.4419,61.61,99,100,3.04,overcast clouds
362,Craig,US,40.5153,-107.5464,83.82,30,0,12.66,clear sky
363,Kamen-Rybolov,RU,44.7481,132.0403,66.52,94,100,5.37,light rain
364,Brae,GB,60.3964,-1.353,51.12,88,100,10.36,light rain
365,Qarqin,AF,37.4185,66.0436,82.06,23,0,1.14,clear sky
366,Argos,GR,37.6333,22.7333,74.28,56,45,5.48,scattered clouds
367,Mecca,SA,21.4267,39.8261,88.63,34,93,3.11,overcast clouds
368,Durban,ZA,-29.8579,31.0292,64.02,57,0,7.0,clear sky
369,Ulladulla,AU,-35.35,150.4667,52.56,65,72,17.94,broken clouds
370,Mahon,ES,39.8885,4.2658,75.76,78,0,2.3,clear sky
371,Macklin,CA,52.3334,-109.9348,75.54,52,100,5.99,overcast clouds
372,Sistranda,NO,63.7256,8.834,51.76,81,84,23.09,broken clouds
373,Salinopolis,BR,-0.6136,-47.3561,78.19,87,95,12.68,overcast clouds
374,Cabedelo,BR,-6.9811,-34.8339,75.87,82,49,13.62,scattered clouds
375,San Cristobal,VE,7.7669,-72.225,77.18,69,50,2.95,scattered clouds
376,Bichena,ET,10.45,38.2,54.59,90,100,5.35,light rain
377,Norrtalje,SE,59.758,18.705,64.83,70,23,8.41,few clouds
378,Camapua,BR,-19.5314,-54.0439,75.36,39,5,0.74,light rain
379,Yanam,IN,16.7333,82.2167,73.56,90,100,10.38,overcast clouds
380,Kazachinskoye,RU,57.6953,93.2761,53.02,72,46,2.57,scattered clouds
381,Dombas,NO,62.0696,9.1235,45.41,78,70,6.06,light rain
382,Marzuq,YE,14.4,46.4667,77.29,56,96,0.27,overcast clouds
383,Arroyo,ES,41.6096,-4.7969,84.6,34,0,0.0,clear sky
384,Horsham,GB,51.064,-0.3272,68.2,81,0,8.05,clear sky
385,Natal,BR,-5.795,-35.2094,79.02,78,20,8.05,few clouds
386,Nalobikha,RU,53.2006,84.6039,52.3,66,75,4.41,broken clouds
387,Bhanpura,IN,24.513,75.7469,84.94,71,88,6.15,overcast clouds
388,Egvekinot,RU,66.3167,-179.1667,49.78,77,96,4.14,overcast clouds
389,Westport,US,41.1415,-73.3579,87.75,58,0,5.75,clear sky
390,Caraballeda,VE,10.6112,-66.8522,82.47,83,20,3.44,few clouds
391,Oranjemund,NA,-28.55,16.4333,51.93,86,0,5.88,clear sky
392,Tautira,PF,-17.7333,-149.15,76.66,73,49,16.69,scattered clouds
393,Antofagasta,CL,-23.65,-70.4,60.08,77,78,2.48,broken clouds
394,Nemuro,JP,43.3236,145.575,60.22,93,97,6.93,overcast clouds
395,Azle,US,32.8951,-97.5459,106.84,35,20,5.99,few clouds
396,Leningradskiy,RU,69.3833,178.4167,41.18,73,90,9.42,overcast clouds
397,Kununurra,AU,-15.7667,128.7333,58.98,36,5,6.91,clear sky
398,Dukat,RU,62.55,155.55,74.05,55,2,17.78,clear sky
399,Doha,QA,25.2867,51.5333,91.29,79,96,4.61,overcast clouds
400,Hornepayne,CA,49.2138,-84.7705,68.16,36,8,7.0,clear sky
401,Sagaing,MM,21.8787,95.9797,78.73,83,85,8.34,overcast clouds
402,Cap Malheureux,MU,-19.9842,57.6142,65.46,87,68,8.99,moderate rain
403,Dinajpur,BD,25.6272,88.6386,81.55,82,99,7.36,overcast clouds
404,Sinnamary,GF,5.3833,-52.95,75.81,90,100,6.11,overcast clouds
405,Metro,ID,-5.1131,105.3067,75.45,93,100,4.09,light rain
406,Dingle,PH,10.9995,122.6711,78.55,87,28,1.95,scattered clouds
407,Oranjestad,AW,12.524,-70.027,82.35,78,40,17.27,scattered clouds
408,Inongo,CD,-1.95,18.2667,72.37,53,89,5.95,overcast clouds
409,Abha,SA,18.2164,42.5053,64.65,72,40,0.0,scattered clouds
410,Axim,GH,4.8699,-2.2405,74.84,87,99,9.57,overcast clouds
411,Cienfuegos,CU,22.1461,-80.4356,87.3,65,69,3.53,broken clouds
412,Otavi,NA,-19.65,17.3333,58.86,33,0,7.0,clear sky
413,Ugoofaaru,MV,5.6667,73.0,82.04,77,95,15.82,overcast clouds
414,Yerbogachen,RU,61.2767,108.0108,55.87,61,100,5.5,overcast clouds
415,Biak,ID,-0.9131,122.8766,75.27,90,99,5.82,overcast clouds
416,Immokalee,US,26.4187,-81.4173,80.51,90,0,0.0,clear sky
417,Osakarovka,KZ,50.565,72.5692,60.84,46,1,3.89,clear sky
418,Cotacachi,EC,0.3,-78.2667,58.55,84,98,3.78,overcast clouds
419,Nuevo Ideal,MX,24.8875,-105.0728,75.18,45,80,4.34,broken clouds
420,Deulgaon Raja,IN,20.0167,76.0333,71.47,95,100,14.81,moderate rain
421,Turtas,RU,58.9417,69.1325,60.35,98,21,4.38,few clouds
422,Pont-Saint-Esprit,FR,44.2549,4.6474,73.89,67,4,1.66,clear sky
423,Totma,RU,59.9747,42.7642,60.42,97,98,4.21,overcast clouds
424,Praia Da Vitoria,PT,38.7333,-27.0667,70.75,100,75,13.6,broken clouds
425,Flin Flon,CA,54.7682,-101.865,84.04,45,20,10.36,few clouds
426,Aksu,CN,41.1231,80.2644,71.33,40,69,7.81,broken clouds
427,Alice Springs,AU,-23.7,133.8833,36.95,75,0,0.0,clear sky
428,Hellendoorn,NL,52.3902,6.448,60.1,90,95,5.59,overcast clouds
429,Lillooet,CA,50.6856,-121.942,83.7,26,6,5.21,clear sky
430,Manesti,RO,44.8667,25.85,65.16,48,8,4.94,clear sky
431,Balaipungut,ID,1.05,101.2833,75.36,97,100,1.41,overcast clouds
432,Sechura,PE,-5.5569,-80.8222,68.77,66,21,17.38,few clouds
433,Topolobampo,MX,25.6,-109.05,89.51,51,0,12.66,clear sky
434,Khorixas,NA,-20.3667,14.9667,62.02,33,0,3.51,clear sky
435,Panama City,PA,8.9936,-79.5197,83.93,80,40,4.61,scattered clouds
436,Marand,IR,38.4329,45.7749,72.14,34,1,4.43,clear sky
437,Zhigansk,RU,66.7697,123.3711,64.26,79,91,9.98,light rain
438,Huarmey,PE,-10.0681,-78.1522,63.25,79,20,11.74,few clouds
439,Kopavogur,IS,64.1123,-21.913,47.84,87,75,13.8,broken clouds
440,Avera,US,33.194,-82.5271,80.11,69,96,9.53,heavy intensity rain
441,Burnie,AU,-41.0667,145.9167,44.28,75,17,3.89,few clouds
442,Alekseyevka,RU,50.6309,38.6903,63.46,66,86,4.23,overcast clouds
443,Thunder Bay,CA,48.4001,-89.3168,71.58,40,20,11.5,few clouds
444,Grand Gaube,MU,-20.0064,57.6608,66.6,87,72,8.99,moderate rain
445,Yantal,RU,56.8471,105.2542,55.56,96,100,2.68,light rain
446,Kemijarvi,FI,66.7131,27.4306,58.98,97,100,0.87,overcast clouds
447,Adrar,MR,20.5022,-10.0711,99.34,18,38,6.35,scattered clouds
448,Nata,PA,8.3333,-80.5167,80.13,85,99,4.41,overcast clouds
449,Tofield,CA,53.3668,-112.6686,72.37,67,88,20.22,overcast clouds
450,Ust-Koksa,RU,50.2696,85.6108,44.08,86,71,3.06,broken clouds
451,Surab,PK,28.4914,66.2585,74.3,69,21,1.57,few clouds
452,Mgachi,RU,51.05,142.2667,74.17,74,29,1.57,scattered clouds
453,Choma,ZM,-16.8065,26.9531,51.24,69,18,2.26,few clouds
454,Barreirinha,BR,-2.7933,-57.07,81.07,69,99,2.98,overcast clouds
455,Takoradi,GH,4.8845,-1.7554,74.35,88,100,9.82,overcast clouds
456,Cairns,AU,-16.9167,145.7667,65.1,50,4,12.66,clear sky
457,Banjarmasin,ID,-3.3244,114.591,73.54,98,99,4.43,overcast clouds
458,Nyurba,RU,63.2842,118.3319,62.56,70,97,4.12,overcast clouds
459,Chahuites,MX,16.2833,-94.1833,85.5,72,100,5.73,overcast clouds
460,Bathsheba,BB,13.2167,-59.5167,81.21,85,40,17.27,scattered clouds
461,Nago,JP,26.5881,127.9761,82.45,85,100,7.76,overcast clouds
462,Llata,PE,-9.4167,-76.7833,53.01,89,92,4.92,overcast clouds
463,Zhuanghe,CN,39.7008,122.9911,70.25,90,32,1.81,scattered clouds
464,Karwar,IN,14.8,74.1333,78.04,85,100,20.02,light rain
465,Green River,US,41.5286,-109.4662,82.8,31,62,1.01,broken clouds
466,Jalingo,NG,8.8833,11.3667,76.1,85,96,4.21,overcast clouds
467,Farafangana,MG,-22.8167,47.8333,66.43,86,64,6.11,light rain
468,Hanyang,CN,32.1371,105.5126,72.75,95,100,3.74,overcast clouds
469,Tezu,IN,27.9167,96.1667,76.6,93,95,4.5,overcast clouds
470,Provost,CA,52.3501,-110.2683,75.65,53,100,4.74,overcast clouds
471,Kang,BW,-23.6752,22.7876,56.55,40,4,2.77,clear sky
472,Eyl,SO,7.9803,49.8164,79.41,71,74,22.32,broken clouds
473,Barcelona,ES,41.3888,2.159,80.83,84,0,3.44,clear sky
474,Boa Vista,BR,2.8197,-60.6733,80.58,74,40,5.75,scattered clouds
475,Leira,ES,43.1167,-8.4,72.09,69,96,3.31,overcast clouds
476,Naples,IT,40.8333,14.25,79.14,41,0,3.0,clear sky
477,Tingi,TZ,-11.3,35.0333,56.46,67,7,1.97,clear sky
478,Mildura,AU,-34.2,142.15,43.99,76,0,4.43,clear sky
479,Pimenta Bueno,BR,-11.6725,-61.1936,78.13,42,47,1.28,scattered clouds
480,Christchurch,NZ,-43.5333,172.6333,53.42,56,76,11.5,broken clouds
481,Genhe,CN,50.7833,121.5167,60.58,99,100,4.47,moderate rain
482,Novikovo,RU,51.1537,37.8879,60.37,62,94,4.36,overcast clouds
483,Kabalo,CD,-6.05,26.9167,76.69,45,36,4.12,scattered clouds
484,Prince Albert,CA,53.2001,-105.7677,78.75,65,100,11.5,overcast clouds
485,Daru,PG,-9.0763,143.2092,77.23,77,100,17.58,overcast clouds
486,Yinchuan,CN,38.4681,106.2731,78.21,61,54,4.14,broken clouds
487,Tarko-Sale,RU,64.9225,77.785,56.17,57,100,3.29,overcast clouds
488,Concepcion Del Uruguay,AR,-32.4825,-58.2372,50.25,76,0,8.68,clear sky
489,Hollola,FI,61.05,25.4333,58.53,96,93,6.82,overcast clouds
490,Swan River,CA,52.1058,-101.2676,82.29,44,10,12.66,clear sky
491,Taltal,CL,-25.4,-70.4833,56.39,76,85,3.04,overcast clouds
492,Sorland,NO,67.667,12.6934,53.46,88,100,7.14,light rain
493,Finschhafen,PG,-6.6024,147.8681,83.35,69,21,8.68,few clouds
494,Dolhesti,RO,46.8667,27.9,64.45,57,64,4.27,broken clouds
495,Bang Bo,TH,13.5743,100.8353,79.59,83,75,1.14,broken clouds
496,Jiamusi,CN,46.8333,130.35,68.58,93,100,3.38,overcast clouds
497,Taguatinga,BR,-12.3857,-46.5711,77.65,36,15,4.07,few clouds
498,Enid,US,36.3956,-97.8784,100.08,26,20,10.36,few clouds
499,Petawawa,CA,45.9001,-77.3328,69.78,55,75,6.91,broken clouds
500,Baracoa,CU,20.3467,-74.4958,81.3,79,23,9.04,few clouds
501,Werneck,DE,49.9833,10.1,70.54,61,95,3.06,overcast clouds
502,Arenapolis,BR,-14.4503,-56.8461,77.59,34,55,4.9,broken clouds
503,Sakaiminato,JP,35.55,133.2333,75.13,94,75,3.44,light rain
504,Verkhoyansk,RU,67.5447,133.385,59.97,60,86,3.58,overcast clouds
505,Bafq,IR,31.6128,55.4107,78.51,20,0,3.58,clear sky
506,Jiangdu,CN,32.4286,119.5574,86.36,71,100,6.2,overcast clouds
507,Deputatskiy,RU,69.3,139.9,47.55,74,97,3.89,overcast clouds
508,Kiama,AU,-34.6833,150.8667,53.46,75,94,7.0,light rain
509,Paamiut,GL,61.994,-49.6678,42.71,85,92,7.18,overcast clouds
510,Radford,US,37.1318,-80.5764,81.52,64,100,6.91,overcast clouds
511,Aquin,HT,18.2833,-73.4,81.75,76,5,5.1,clear sky
512,Champerico,GT,14.3,-91.9167,88.34,71,73,5.59,broken clouds
513,Minab,IR,27.1467,57.0801,89.92,70,29,0.0,scattered clouds
514,Honiara,SB,-9.4333,159.95,84.47,64,48,4.97,scattered clouds
515,Rocha,UY,-34.4833,-54.3333,42.06,87,8,7.4,clear sky
516,Moyale,KE,3.5167,39.0584,66.76,71,74,12.73,broken clouds
517,Nanfeng,CN,23.7434,111.7959,80.26,83,0,0.49,clear sky
518,Mizan Teferi,ET,6.9833,35.5833,61.48,94,87,2.19,light rain
519,Kasongo-Lunda,CD,-6.4667,16.8167,70.9,34,24,0.74,few clouds
520,Sobolevo,RU,54.4299,31.8996,52.68,97,100,6.35,overcast clouds
521,Faanui,PF,-16.4833,-151.75,78.13,72,28,19.06,scattered clouds
522,Benguela,AO,-12.5763,13.4055,68.0,87,55,2.48,broken clouds
523,Juneau,US,58.3019,-134.4197,57.22,92,100,12.66,overcast clouds
524,Ust-Nera,RU,64.5667,143.2,67.23,76,93,3.4,overcast clouds
525,Vestmannaeyjar,IS,63.4427,-20.2734,49.6,81,100,12.5,overcast clouds
526,Warman,CA,52.3168,-106.5679,91.31,36,100,13.8,overcast clouds
527,Bonthe,SL,7.5264,-12.505,76.01,89,95,7.67,light rain
528,Grand Bank,CA,47.0999,-55.765,62.98,97,96,16.71,overcast clouds
529,Pundaguitan,PH,6.3711,126.1689,81.59,73,91,1.72,overcast clouds
530,Payo,ID,-3.7508,103.6372,72.88,94,99,1.83,overcast clouds
531,Lander,US,42.833,-108.7307,94.1,20,0,9.22,clear sky
532,Muroto,JP,33.2833,134.15,78.4,83,100,10.42,overcast clouds
533,Baker City,US,44.7749,-117.8344,86.59,29,0,13.8,clear sky
534,Dukhovnitskoye,RU,52.4828,48.2137,73.69,63,100,11.7,overcast clouds
535,Uberaba,BR,-19.7483,-47.9319,73.98,35,0,4.61,clear sky
536,Manokwari,ID,-0.8667,134.0833,79.81,76,82,3.06,broken clouds
537,Neftcala,AZ,39.3742,49.2472,76.6,75,0,3.27,clear sky
538,Port Hedland,AU,-20.3167,118.5667,57.25,47,21,11.5,few clouds
539,Plettenberg Bay,ZA,-34.0527,23.3716,57.61,50,18,8.25,few clouds
540,Necochea,AR,-38.5473,-58.7368,48.43,59,76,6.04,broken clouds
541,Playas,EC,-2.6333,-80.3833,70.57,84,83,9.82,broken clouds
542,Razdolinsk,RU,58.4211,94.6658,50.88,86,91,2.24,overcast clouds
543,Vila Franca Do Campo,PT,37.7167,-25.4333,68.2,86,78,12.59,broken clouds
544,Muisne,EC,0.6,-80.0333,75.09,85,96,12.19,overcast clouds
545,Dinagat,PH,9.9561,125.5933,81.95,78,92,2.1,overcast clouds
546,Hervey Bay,AU,-25.2986,152.8535,53.67,65,0,19.33,clear sky
547,Urumqi,CN,43.801,87.6005,72.55,38,0,4.47,clear sky
548,Pathein,MM,16.7833,94.7333,75.29,98,99,2.46,overcast clouds
549,Ostrovnoy,RU,68.0531,39.5131,60.89,91,62,8.86,broken clouds
550,Yelizovo,RU,53.1873,158.3805,66.34,72,75,4.47,volcanic ash
551,Svecha,RU,58.2785,47.5164,62.38,98,93,4.99,overcast clouds
552,Atar,MR,20.5169,-13.0499,95.56,27,39,8.55,scattered clouds
553,Beira,MZ,-19.8436,34.8389,68.09,83,75,3.44,broken clouds
554,Yumen,CN,40.2833,97.2,70.38,36,64,4.88,broken clouds
555,Koslan,RU,63.4564,48.8989,65.23,85,81,3.65,broken clouds
556,Zimovniki,RU,47.1483,42.4633,70.38,57,16,6.46,few clouds
557,Manama,BH,26.2154,50.5832,91.38,75,0,4.61,clear sky
558,Zonguldak,TR,41.25,31.8333,54.45,91,31,3.53,scattered clouds
559,Ayan,RU,56.45,138.1667,59.74,96,100,7.58,overcast clouds
560,Itaqui,BR,-29.1253,-56.5531,54.99,82,20,9.95,few clouds
561,Erdaojiang,CN,41.7764,126.0319,65.34,97,92,2.8,overcast clouds
562,Ulaangom,MN,49.9811,92.0667,55.51,55,25,3.8,moderate rain
563,Mombetsu,JP,44.3525,143.3525,61.57,93,100,4.83,overcast clouds
564,Qax,AZ,41.4225,46.9242,72.59,36,0,5.61,clear sky
565,Cabra,ES,37.4725,-4.4421,80.53,22,0,6.98,clear sky
566,Port Shepstone,ZA,-30.7414,30.455,62.67,37,0,8.63,clear sky
567,Xingcheng,CN,40.6167,120.7167,74.88,71,1,5.14,clear sky
568,Kruisfontein,ZA,-34.0033,24.7314,52.88,61,0,9.28,clear sky
569,Riyadh,SA,24.6877,46.7219,91.54,12,100,9.95,overcast clouds
570,Luleburgaz,TR,41.4039,27.3592,63.79,51,0,3.44,clear sky
571,Buenos Aires,AR,-34.6132,-58.3772,55.94,72,0,9.22,clear sky
572,Aripuana,BR,-9.1667,-60.6333,79.2,43,92,1.79,overcast clouds
573,Asfi,MA,32.2994,-9.2372,72.61,76,99,5.28,overcast clouds
574,Omsukchan,RU,62.5333,155.8,77.34,50,0,17.69,clear sky
575,Andilamena,MG,-17.0167,48.5833,54.05,93,34,5.57,scattered clouds
576,Paka,MY,4.6374,103.4368,76.93,100,40,0.0,moderate rain
577,Zambezi,ZM,-13.5432,23.1047,51.58,60,0,4.12,clear sky
578,Quartucciu,IT,39.2519,9.1794,78.03,74,0,3.44,clear sky
579,Hrubieszow,PL,50.805,23.8925,59.05,94,80,8.99,broken clouds
580,Barkly West,ZA,-28.5354,24.5215,40.28,45,0,5.41,clear sky
581,Murgab,TM,37.4966,61.9714,79.95,24,0,8.37,clear sky
582,Broken Hill,AU,-31.95,141.4333,42.76,75,0,6.8,clear sky
583,Nkongsamba,CM,4.9547,9.9404,66.6,99,99,0.56,light rain
584,Hanmer Springs,NZ,-42.5167,172.8167,44.26,91,99,1.7,overcast clouds
585,Nambucca Heads,AU,-30.65,153.0,59.0,73,50,16.51,scattered clouds
586,Peruibe,BR,-24.32,-46.9983,63.39,93,100,7.54,overcast clouds
587,Kichmengskiy Gorodok,RU,59.9816,45.7854,61.84,98,87,6.98,overcast clouds
588,Atikokan,CA,48.7555,-91.6216,72.28,45,73,2.24,broken clouds
589,Khandbari,NP,27.3747,87.2039,73.13,84,100,2.68,overcast clouds
590,Stornoway,GB,58.2093,-6.3865,51.93,86,100,4.61,overcast clouds
591,Viedma,AR,-40.8135,-62.9967,45.09,58,100,8.34,overcast clouds
592,Gat,IL,31.61,34.7642,75.88,100,10,3.51,clear sky
593,Diamantino,BR,-14.4086,-56.4461,77.23,34,63,3.6,broken clouds
594,Hirara,JP,24.8,125.2833,86.27,79,75,13.8,broken clouds
595,Bondo,CD,3.8146,23.6866,69.06,99,100,2.04,overcast clouds
596,Emerald,AU,-23.5333,148.1667,51.35,66,0,7.94,clear sky
597,Pangkalanbuun,ID,-2.6833,111.6167,73.22,98,98,2.68,overcast clouds
598,Miracema Do Tocantins,BR,-9.5618,-48.3967,80.65,38,23,3.44,few clouds
599,Walvis Bay,NA,-22.9575,14.5053,54.09,87,0,6.91,clear sky
600,Jaisalmer,IN,26.9147,70.9181,87.33,63,75,7.65,broken clouds
601,Katesh,TZ,-4.5167,35.3833,49.12,86,45,3.53,scattered clouds
602,Arman,RU,59.7,150.1667,75.02,65,47,4.76,scattered clouds
603,Puurmani,EE,58.5738,26.2878,60.3,76,99,4.83,overcast clouds
604,Caceres,ES,39.522,-6.3748,88.93,18,34,3.22,scattered clouds
605,Tosya,TR,41.0155,34.0401,61.54,87,56,4.07,broken clouds
606,Griffith,US,41.5284,-87.4237,79.25,73,75,12.66,broken clouds
607,Juliaca,PE,-15.5,-70.1333,47.82,40,46,6.11,scattered clouds
608,Oktyabrskoye,RU,43.0645,44.7417,64.99,70,24,3.98,few clouds
609,Norman Wells,CA,65.282,-126.8329,53.64,94,100,12.66,light intensity shower rain
610,Canmore,CA,51.0834,-115.3521,78.91,15,60,9.22,broken clouds
611,Vila,PT,42.0304,-8.1588,76.08,66,100,4.99,overcast clouds
612,Dubti,ET,11.7361,41.0853,87.84,41,95,17.85,overcast clouds
613,Mahibadhoo,MV,3.7833,72.9667,82.6,75,94,12.35,overcast clouds
614,Lakes Entrance,AU,-37.8811,147.981,47.16,86,65,10.18,broken clouds
615,Ipixuna,BR,-1.7625,-48.8043,74.93,94,95,4.12,heavy intensity rain
616,Saint Anthony,US,45.0205,-93.218,80.1,58,0,11.5,clear sky
617,Aketi,CD,2.7388,23.7833,70.18,97,100,1.1,overcast clouds
618,Letlhakane,BW,-21.4167,25.5833,54.68,44,2,8.03,clear sky
619,Sidi Ali,DZ,36.0998,0.4206,75.06,67,0,2.24,clear sky
620,Rumonge,BI,-3.9736,29.4386,71.94,58,31,4.38,scattered clouds
621,Tual,ID,-5.6667,132.75,79.38,81,87,25.84,overcast clouds
622,Carauari,BR,-4.8828,-66.8958,80.69,68,86,1.36,overcast clouds
623,Sibulao,PH,7.3242,122.2394,78.3,85,95,2.33,overcast clouds
624,Luorong,CN,24.4058,109.6086,79.74,85,2,1.68,clear sky
625,Tuatapere,NZ,-46.1333,167.6833,45.45,83,82,5.26,broken clouds
626,Ascension,US,30.2169,-90.9001,89.6,75,75,6.91,broken clouds
627,Monrovia,LR,6.3005,-10.7969,76.35,86,84,10.22,light rain
628,Santa Maria,BR,-29.6842,-53.8069,51.1,82,0,6.91,clear sky
629,Filadelfia,US,39.9523,-75.1638,89.49,50,40,12.66,scattered clouds
630,Borogontsy,RU,62.6683,131.1683,70.9,73,100,5.93,overcast clouds
631,Waipawa,NZ,-41.4122,175.5153,48.24,87,50,5.91,scattered clouds
632,Omutninsk,RU,58.67,52.1932,67.23,89,65,2.84,broken clouds
633,Tiarei,PF,-17.5333,-149.3333,82.42,71,30,17.29,scattered clouds
634,Wake Forest,US,35.9799,-78.5097,83.16,89,40,0.0,scattered clouds
635,Lazurne,UA,46.084,32.5295,68.38,63,75,19.69,broken clouds
636,Morant Bay,JM,17.8815,-76.4093,86.7,78,10,10.07,clear sky
637,Kalianget,ID,-7.05,113.9333,79.29,82,87,8.72,overcast clouds
638,Dwarka,IN,22.2394,68.9678,82.11,87,77,12.15,very heavy rain
639,Mount Isa,AU,-20.7333,139.5,53.37,47,0,12.66,clear sky
640,Strunino,RU,56.3833,38.5667,54.73,85,3,3.58,clear sky
641,Kimbe,PG,-5.5502,150.1429,84.78,65,49,4.45,scattered clouds
642,Gambela,ET,8.25,34.5833,70.41,88,100,3.65,overcast clouds
643,The Valley,AI,18.217,-63.0578,82.09,72,83,19.82,broken clouds
644,Outram,MY,1.2829,103.8379,82.29,85,75,3.44,broken clouds
645,Tsiroanomandidy,MG,-18.7667,46.0333,54.79,84,0,2.35,clear sky
646,Mananjary,MG,-21.2167,48.3333,64.33,90,23,2.64,light rain
647,Linkoping,SE,58.4109,15.6216,60.78,76,1,11.5,clear sky
648,Belmonte,BR,-15.8631,-38.8828,72.25,82,0,6.02,clear sky
649,Paengaroa,NZ,-37.8167,176.4167,56.89,100,100,1.01,overcast clouds
650,Chapais,CA,49.7834,-74.8492,67.78,57,95,5.73,overcast clouds
651,Kattivakkam,IN,13.2167,80.3167,82.49,60,88,18.52,overcast clouds
652,Podporozhye,RU,60.9112,34.1706,59.52,73,30,1.88,scattered clouds
653,Itoman,JP,26.1247,127.6694,84.22,84,75,4.61,broken clouds
654,Breves,BR,-1.6822,-50.4803,80.38,73,95,2.48,overcast clouds
655,Sakakah,SA,29.9697,40.2064,90.97,22,2,14.81,clear sky
656,Ghanzi,BW,-21.5667,21.7833,53.24,42,3,5.19,clear sky
657,Carutapera,BR,-1.195,-46.02,76.23,92,96,9.73,overcast clouds
658,Inhambane,MZ,-23.865,35.3833,65.35,69,0,6.24,clear sky
659,Flinders,AU,-34.5833,150.8552,53.26,74,84,14.0,light rain
660,Nha Trang,VN,12.25,109.1833,78.8,90,100,3.98,overcast clouds
661,Portland,US,45.5234,-122.6762,83.16,46,20,8.05,few clouds
662,Ust-Omchug,RU,61.15,149.6333,71.37,62,85,2.64,overcast clouds
663,Fond Du Lac,US,43.775,-88.4388,75.47,50,0,11.5,clear sky
664,Acarau,BR,-2.8856,-40.12,79.43,81,59,16.71,broken clouds
665,Nelson Bay,AU,-32.7167,152.15,53.11,90,100,13.0,light rain
666,Yaan,NG,7.3833,8.5667,72.37,95,88,5.86,overcast clouds
667,Begoro,GH,6.3871,-0.3774,67.6,98,86,4.32,overcast clouds
668,Nouadhibou,MR,20.931,-17.0347,69.78,88,14,18.41,few clouds
669,Peleduy,RU,59.6289,112.7406,58.8,71,99,5.12,overcast clouds
670,Illela,NG,13.7292,5.2975,86.22,51,27,10.56,scattered clouds
671,Dongning,CN,44.0622,131.1207,66.31,99,100,3.65,moderate rain
672,Pontianak,ID,-0.0333,109.3333,73.38,94,20,0.0,few clouds
673,Fort Nelson,CA,58.8053,-122.7002,60.39,51,75,2.3,broken clouds
674,Ixtapa,MX,20.7,-105.2,85.23,74,75,8.05,broken clouds
675,Half Moon Bay,US,37.4636,-122.4286,84.06,68,0,21.85,clear sky
676,Hun,LY,29.1268,15.9477,75.31,50,0,8.59,clear sky
677,Agapovka,RU,53.2973,59.1348,63.61,86,25,2.66,light rain
678,Limbang,MY,4.75,115.0,73.51,95,100,2.21,overcast clouds
